company_name,company_link,company_id,company_domain,company_about,company_founded,company_size,company_location_1,company_location_2,company_location_3,company_city_1,company_city_2,company_city_3,company_address,company_postal_code,company_phone,company_industry_1,company_industry_2,company_industry_3,domain_status,company_specialties,company_size_category,social_fields,keywords,annual_revenue,technologies,funding_events,total_funding,last_funding_round_date,last_funding_stage,company_email
Heritage Bank,https://www.linkedin.com/company/heritage-bank_4,https://www.linkedin.com/company/68461,heritage.com.au,"Heritage Bank has grown from our origins in Toowoomba in 1875 to become one of Australia’s largest customer-owned banks. Heritage is proudly customer-owned and committed to giving back to the communities we serve. In March 2023, Heritage Bank entered a new phase in our history, by merging with People’s Choice Credit Union to create Australia’s leading member-owned banking organisation. While we have now come together as a single organisation, we will continue to operate under the Heritage Bank and People’s Choice brands for an interim period while we continue our integration process. After that, we will adopt a single new brand.   facebook.com/heritagetwitter.com/heritagebank youtube.com/heritagepeoplefirst  Instagram@heritagebankHeritage Bank's Social Media Terms of Use available at https://www.heritage.com.au/terms-conditions",1875,758,"Westbrook, Queensland, Australia",,,Toowoomba,,,"400 ruthven st, toowoomba, queensland, australia",4350,+61131422,banking,,,,,501-1000,"https://twitter.com/heritagebank, https://www.facebook.com/heritage/","leasing, treasury management, commercial lending, construction financing, real estate lending, accounts receivable financing, commercial deposit services",28095000,"SiteCore, Rackspace MailGun, Microsoft Office 365, Google Tag Manager, Google Play, Genesys, Bootstrap Framework, ASP.NET",,,,,
Bendigo and Adelaide Bank,https://www.linkedin.com/company/bendigo-and-adelaide-bank,https://www.linkedin.com/company/162688,bendigoadelaide.com.au,"Our vision is to be Australia’s bank of choice. We strive for lasting success and commit to take the time to better understand our customers, partners and their communities to find ways to solve their problems, in a way that helps create value. Our purpose is to feed into the prosperity of our customers and their communities, not off it. As a company we value teamwork, encourage diversity and respect the contribution of each individual. We build a culture of trust and are open, honest and fair. We listen, understand – then deliver. We build our success through the success of others. We all lead by example. We show initiative, are accountable and empower others. We believe in the importance of what we do and are proud of our enviable reputation as a bank.",,4752,"Bendigo, Victoria, Australia",,,Bendigo,,,,,,banking,,,,Retail Banking,1001-5000,,,,,,,,,
ING Australia,https://www.linkedin.com/company/ing-australia,https://www.linkedin.com/company/387202,ing.com.au,"We exist to empower people to stay ahead, in business and in life. We’re proud to be part of ING Group, the world’s leading direct savings bank – and even prouder to be Australia’s most recommended bank. That’s because, for us, nothing matters more than being loved by our customers.Since we started out in 1999, we’ve reinvented the way Australians do their banking by delivering products that are simple, and good value – from Everyday Banking and Savings, to straightforward Home Loans and Super. With our 24/7 customer care and digital platforms, we’ve also given customers support round the clock – plus the freedom to do their banking anywhere, anytime. The driving force behind all of this has been simple: our desire to improve our customers’ lives by doing things differently. Everyone here shares the same forward-thinking approach, and a genuine desire to make a difference to the communities we’re part of. If you’re ready to be challenged to achieve your full potential, we are the place to make it happen. Here, you’ll have the freedom to put ideas into action, own the results, collaborate on a global scale – and make a genuine difference to people’s lives. Like to find out more? Visit  ing.com.au or find us on social media:Facebook - http://www.facebook.com/INGAustTwitter - https://twitter.com/ING_AustYouTube - https://www.youtube.com/c/INGAUSTOur Blog - http://blog.ing.com.au/ING is a business name of ING Bank (Australia) Limited ABN 24 000 893 292 AFSL 229823, Australian Credit Licence 229823. ING Living Super (which is part of the ING Direct Superannuation Fund ABN 13 355 603 448) is issued by Diversa Trustees Limited ABN 49 006 421 638, AFSL 235153. Any advice on this website does not take into account your objectives, financial situation or needs and you should consider whether it is appropriate for you. ",1999,1774,"Millers Point, New South Wales, Australia",,,Sydney,,,"60 margaret street, sydney, new south wales, australia",2000,+61801200111,banking,,,,,1001-2000,,,2200000000,"SendInBlue, Postmark, Incapsula, Google Tag Manager, Google Maps, Google Analytics, iTunes, WordPress.org, Salesforce Live Agent, Salesforce, Gravity Forms, Adobe Media Optimizer, YouTube, VueJS, Visual Website Optimizer, Outlook, Omniture (Adobe), Mobile Friendly, Microsoft Office 365, MailJet, Google Play, Facebook Custom Audiences, ExactTarget, Apache, Akamai DNS, Akamai, Adobe TestAndTarget, Adobe Marketing Cloud",,,,,
Bank of Melbourne,https://www.linkedin.com/company/bank-of-melbourne,https://www.linkedin.com/company/2032081,bankofmelbourne.com.au,"At Bank of Melbourne, we understand that everyone has the will. The will to be happy, to be there for the ones they love, to try something new. The will to get a place of their own or be their own boss. Sometimes what’s missing is the way. That’s where we come in. A city and state as progressive as ours deserves a bank that shares the same values. As your local bank, our team will work with you to find the way forward. We want to see your ambition – modest, medium or sky–high - become a reality. We do this through our dedication to customer service, by being small enough to get to know you so we can plan together, with our network of branches and our handy mobile banking app. We support our city’s progress through partnerships with iconic sporting venues like the MCG, and celebrate our food culture with events like Melbourne Food and Wine Festival. We’re investing in the arts with Collingwood Arts Precinct, where we’re helping create a new cultural destination for the city’s northern fringe. We’re also supporting our neighbours who need a helping hand, our Foundation has supported local communities with more than $3 million in grants since 2013. Get in touch at https://www.bankofmelbourne.com.au/contact-usWe’re committed to providing you with amazing service. We’d love to hear from you if there’s something we could be doing better.We welcome your contributions to our page. Please check our guidelines before you join the conversation: https://www.bankofmelbourne.com.au/contact-us/social-mediaBank of Melbourne acknowledges the traditional owners as the custodians of this land, recognising their connection to land, waters and community. We pay our respects to Australia's First Peoples, and to their Elders, past, present anBank of Melbourne - a Division of Westpac Banking Corporation.ABN 33 007 457 141. AFSL and Australian credit licence 233714.",2011,577,"Carlton, Victoria, Australia",,,Melbourne,,,"530 Collins Street, Melbourne, Victoria, Australia",3000,+61385367870,banking,,,,"Personal Banking,Business Banking,Insurance,Home Lending",501-1000,"https://twitter.com/BankofMelb, https://www.facebook.com/BankofMelbourne","insurance, business banking, personal banking, home lending",,,,,,,help@bankofmelbourne.com.au
Westpac,https://www.linkedin.com/company/westpac,https://www.linkedin.com/company/3597,westpac.com.au,"From rescue helicopters and signing the Equator Principles, to paying super during parental leave and initiatives like Westpac SaferPay and SafeCall to protect customers from scams... we have a proud history of stepping up to be first for our customers, communities and people. We are Australia’s oldest bank and first company and have been supporting customers for over 200 years. Our purpose is creating better futures together – it’s what we do, who we are and why we come to work every day. With this purpose in mind, we’ve set ourselves a bold ambition - to be our customers’ #1 bank and partner through life. Through our unique portfolio of brands comprising Westpac, St.George, Bank of Melbourne, BankSA, BT and RAMS, we’re focused on meeting the financial services needs of our 13 million customers. When you join Westpac Group, you’ll be empowered to make a difference, constructively challenge and create a future worth striving for. But best of all you’ll be joining a whole organisation of people who love working together to help others create their best future.  Westpac Group acknowledges the traditional owners as the custodians of this land, recognising their connection to land, waters and community. We pay our respects to Australia's First Peoples, and to their Elders, past, present and future.Westpac Banking Corporation ABN 33 007 457 141. AFSL and Australian credit licence 233714.",,15007,"Millers Point, New South Wales, Australia",,,Sydney,,,,,,banking,,,,"banking,financial services,institutional banking,corporate banking,migrant banking,business banking,personal banking,Private Bank,Agribusiness,investments",10000+,,,,,,,,,info@westpac.com.au
Bank of Sydney,https://www.linkedin.com/company/bank-of-sydney,https://www.linkedin.com/company/2333671,banksyd.com.au,"At Bank of Sydney, we strive to provide genuine value to our people, customers, communities and partners. We’re a bank that believes in the power of real human connection. We know that one straightforward conversation is better than talking to a machine and being placed on hold. That’s why our friendly, helpful team take the time to understand your situation and needs. The result is strong, enduring relationships with ongoing benefits.You work hard for your money. So we work just as hard for you, to drive success and a better future. At Bank of Sydney, we have relationship managers to help you with your banking needs and retail branches that you can visit in Sydney, Melbourne and Adelaide.We’re definitely not ones to blow our own trumpets, but we’re really proud to have won some of the most prestigious awards in the business. The wins reflect our customer satisfaction levels and 5-star product ratings. Bank of Sydney is an Australian Authorised Deposit-taking Institution (ADI). For your trust and confidence, we’re fully compliant with all our ASIC, AUSTRAC and all other regulatory and prudential requirements, while being a proud member of the Australian Banking Association (ABA). We’re also covered by the Australian Government Guarantee for deposits up to AU$250,000, so you can have peace of mind when banking with us. At Bank of Sydney we look forward to forging strong relationships with customers and community groups who are looking for a personal and rewarding banking experience.",2001,190,"Millers Point, New South Wales, Australia",,,Sydney,,,"219-223 castlereagh street, sydney, new south wales, australia",2000,+61282629191,banking,,,,"Relationship Banking,Commercial and Business Banking,Trade Finance,Construction Finance",51-200,"https://twitter.com/bankofsydney, https://www.facebook.com/BankOfSydney/","trade finance, relationship banking, construction finance, commercial & business banking",33682000,"reCAPTCHA, ZoneEdit, Sendgrid, Salesforce Live Agent, Salesforce, Outlook, Nginx, Mobile Friendly, Mimecast, Microsoft Office 365, Microsoft Application Insights, Google Tag Manager, Facebook Widget, Facebook Login (Connect), Facebook Custom Audiences, EPiServer, CloudFlare Hosting, ASP.NET",,,,,
St.George Bank,https://www.linkedin.com/company/st-george-bank,https://www.linkedin.com/company/166115,stgeorge.com.au,"St.George Bank is one of Australia's leading Retail and Business Banks, serving over 2.6 million consumer, business and corporate customers in Australia.With more than 5700 staff and 396 St.George and BankSA retail branches, St.George is known for exceptional service, innovative, award-winning products, and specialist financial advice for retail and business customers.  In 2008, St.George and its South Australian brand, BankSA, became part of the Westpac Group.We'd love to have you contribute to our page. Our guidelines for joining the conversation are here:  https://www.stgeorge.com.au/contact-us/social-media St.George acknowledges the traditional owners as the custodians of this land, recognising their connection to land, waters and community. We pay our respects to Australia's First Peoples, and to their Elders, past, present and future.St.George Bank – A Division of Westpac Banking Corporation ABN 33 007 457 141AFSL and Australian credit licence 233714",1937,2910,"Millers Point, New South Wales, Australia",,,Sydney,,,,,+61291557800,banking,,,,"Home Lending,Business Banking,Personal Banking,Corporate Banking",1001-5000,"https://twitter.com/stgeorgebank, https://www.facebook.com/stgeorgebankaus",,,,,,,,
BankSA,https://www.linkedin.com/company/bank-sa,https://www.linkedin.com/company/2729489,banksa.com.au,"BankSA has been part of the fabric of South Australia since 1848, when The Savings Bank of South Australia began its life as a small one-person outfit. From the past to the future, we’re committed to backing the state. That’s why we back SA. It’s our commitment to the future of South Australia. #WeBackSAWe welcome your contributions to our page. Please check our guidelines before you join the conversation: https://www.banksa.com.au/contact-us/social-mediaBankSA acknowledges the traditional owners as the custodians of this land, recognising their connection to land, waters and community. We pay our respects to Australia's First Peoples, and to their Elders, past, present and future.BankSA - A Division of Westpac Banking Corporation. ABN 33 007 457 141. AFSL and Australian credit licence 233714.",1848,457,"Adelaide, South Australia, Australia",,,Adelaide,,,"97 king william street, adelaide, south australia 5000, au",5000,+61131376,banking,,,,"Home Lending,Agribusiness,Business banking,Personal banking",201-500,"http://www.twitter.com/banksa, https://www.facebook.com/BankSA","financial services, agribusiness, banks & credit unions, business banking, personal banking, home lending",,,,,,,
Judo Bank,https://www.linkedin.com/company/judobank,https://www.linkedin.com/company/10698260,judo.bank,"Judo Bank boldly backs business. Our purpose is simple: to be the most trusted SME business bank in Australia. As Australia’s only challenger bank purpose-built for small and medium businesses, we exist to help you secure the lending you need and the service you deserve to support and grow your business. Our relationship model places a priority on highly skilled, knowledgeable and imaginative relationship bankers who take the time to get to know you and your business. We work with you to provide banking expertise based on a deep understanding of your business’s opportunities and potential.  We welcome your contributions to our page. Please read our social media guidelines before joining the conversation: www.judo.bank/social-media Judo Bank Pty Ltd ABN 11 615 995 581  | AFSL and Australian Credit Licence 501091",2016,590,"Melbourne, Victoria, Australia","Carlton, Victoria, Australia",,Melbourne,,,"40 city rd l 3, southbank, victoria, australia",3006,+61135836,banking,,,,"Providing finance to Australian businesses,SME Business loans,Business Loans,business banking,Banking,Business finance",501-1000,"https://twitter.com/Judo_Bank, https://www.facebook.com/judobankAus/","banking, business loans, business banking, business finance, sme business loans, providing finance to australian businesses",7000000,"The Trade Desk, StackAdapt, reCAPTCHA, YouTube, Taboola, Salesforce, Route 53, Outlook, Mobile Friendly, Microsoft-IIS, Microsoft Office 365, Google Tag Manager, Facebook Custom Audiences, Atlassian Cloud, Amazon Elastic Load Balancer, Amazon CloudFront, Amazon AWS","[{""id"":""60d444128b8f7000014e6334"",""date"":""2021-06-21T00:00:00.000+00:00"",""type"":""Debt Financing"",""amount"":""50M"",""currency"":""$"",""news_url"":""https:\/\/www.startupdaily.net\/2021\/06\/judo-bank-hits-1-9-billion-valuation-on-174-million-raise\/"",""investors"":""""},{""id"":""615e2e01a9547100018c3e7d"",""date"":""2021-06-01T00:00:00.000+00:00"",""type"":""Venture (Round not Specified)"",""amount"":""124M"",""currency"":""$"",""news_url"":null,""investors"":""UniSuper, Magnetar Capital""},{""id"":""615e2e01a9547100018c3e7f"",""date"":""2021-02-01T00:00:00.000+00:00"",""type"":""Venture (Round not Specified)"",""amount"":""284M"",""currency"":""$"",""news_url"":null,""investors"":""UniSuper, Magnetar Capital, Moore Strategic Ventures""},{""id"":""5fea962b0071100001f2edc2"",""date"":""2020-12-23T00:00:00.000+00:00"",""type"":""Series D"",""amount"":""284M"",""currency"":""$"",""news_url"":""https:\/\/www.startupdaily.net\/2020\/12\/neobank-judos-value-rises-60-following-280-million-series-d\/"",""investors"":""Magnetar Capital, Moore Strategic Ventures, UniSuper""},{""id"":""615e2e01a9547100018c3e81"",""date"":""2020-12-01T00:00:00.000+00:00"",""type"":""Series D"",""amount"":""280M"",""currency"":""$"",""news_url"":null,""investors"":""UniSuper, Magnetar Capital""},{""id"":""5eb54a31cf38630001b6d457"",""date"":""2020-05-07T00:00:00.000+00:00"",""type"":""Series C"",""amount"":""230M"",""currency"":""$"",""news_url"":""https:\/\/buff.ly\/2WbiORm"",""investors"":""Bain Capital Credit, Myer Family Investments, Abu Dhabi Capital Group, Ironbridge, SPF Investment Management, OPTrust, Tikehau Capital""},{""id"":""5eb93ea296621600014ee544"",""date"":""2020-04-02T00:00:00.000+00:00"",""type"":""Debt Financing"",""amount"":""500M"",""currency"":""$"",""news_url"":""https:\/\/www.afr.com\/companies\/financial-services\/prospa-zip-flexigroup-look-to-aofm-judo-bags-cheque-20200402-p54gep"",""investors"":""Australian Government""},{""id"":""5d3fddaca3ae6191eaf49d77"",""date"":""2019-08-07T00:00:00.000+00:00"",""type"":""Series B"",""amount"":""400M"",""currency"":""$"",""news_url"":""https:\/\/www.businessinsider.com\/judo-attracts-massive-series-b-funding-2019-8"",""investors"":""Tikehau Capital, Bain Capital Credit, OPTrust Private Markets Group, Abu Dhabi Capital Group, The Myer Family Company, SPF Investment Management, Ironbridge Capital""},{""id"":""5ca2facff6512514a775b287"",""date"":""2019-04-02T00:00:00.000+00:00"",""type"":""Debt Financing"",""amount"":""100M"",""currency"":""$"",""news_url"":""https:\/\/www.afr.com\/business\/banking-and-finance\/goldman-sachs-opens-100-million-funding-line-with-judo-20190401-p519ni"",""investors"":""Goldman Sachs""},{""id"":""5bfcddaca3ae615515d5b253"",""date"":""2018-11-26T00:00:00.000+00:00"",""type"":""Debt Financing"",""amount"":""350M"",""currency"":""$"",""news_url"":""https:\/\/www.bankingtech.com\/2018\/11\/australian-challenger-bank-judo-gets-350m-funding-boost\/"",""investors"":""Credit Suisse""},{""id"":""5abdd29fa3ae610d1dab5d8f"",""date"":""2018-08-02T00:00:00.000+00:00"",""type"":""Series A"",""amount"":""140M"",""currency"":""$"",""news_url"":""https:\/\/www.dealstreetasia.com\/stories\/australia-judo-capital-funding-103805\/?utm_content=buffer6e46b&utm_medium=social&utm_source=twitter.com&utm_campaign=buffer"",""investors"":""Ontario Pension Trust, Abu Dhabi Capital Group, Credit Suisse, Myer Family Investments""}]",2419164226,2021-06-21,0,info@judo.bank
Bank Australia,https://www.linkedin.com/company/bankaust,https://www.linkedin.com/company/762044,bankaust.com.au,"As B Corp certified customer-owned bank, we're doing banking differently. We share a belief with our customers that money can be used to create a world where people and the planet thrive. We empower our staff and customers to be part of the clean money movement.We achieve this by staying true to our purpose and values through our strategy, operations, products and services, and advocating to bring others on the journey. This means every role and person in our bank is essential to bringing our values, purpose and aspiration to life.As a customer-owned bank, we reinvest our profits to continually serve our customers through competitive rates and fees, responsible banking, and supporting positive impact.Our Contact Centre, lending operations and processing are based in the Latrobe Valley and Bendigo while our head office is in Collingwood, Melbourne. We also have branches in Melbourne and regional Victoria, Brisbane, Canberra and Sydney. ",,471,"Collingwood, Victoria, Australia",,,Collingwood,,,,,,banking,,,,"Banking,Responsible investment,General insurance",201-500,,,,,,,,,
Beyond Bank Australia,https://www.linkedin.com/company/beyond-bank-australia,https://www.linkedin.com/company/141977,beyondbank.com.au,"Beyond Bank is one of the largest 100% customer-owned banks in Australia. Our vision is to be Australia’s best relationship bank, by changing the lives of our customers and communities through financial wellbeing.Beyond Bank is a B Corp, a business that is certified as meeting high standards of social and environmental impact. We use our business as a force for good to drive positive outcomes that benefit our people, communities and planet. To learn more, visit beyondbank.com.au",,685,"Adelaide, South Australia, Australia",,,Adelaide,,,,,,banking,,,,"Banking,Financial Planning,Financial Services,Insurance,Financial Wellbeing",501-1000,,,,,,,,,
Police Bank Ltd.,https://www.linkedin.com/company/police-bank-ltd-,https://www.linkedin.com/company/2841569,policebank.com.au,"Police Bank is a secure, modern financial institution offering access to a wide range of products and services through enhanced delivery channels combined with a discounted fee structure. The organisation originally started as NSW Police Credit Union (PCU) in the early 1960′s when a group of Police Officers at Clarence Street Police Station in Sydney had the vision of forming a mutual organisation for the benefit of all Officers. PCU was officially registered and opened for business in 1964 with just 60 Members. Today, with over $1.7 Billion in assets, Police Bank has grown to be one of Australia’s largest Mutual Banks serving the financial needs of the NSW Police Service, their families and other related industries. It’s a fantastic time to join us as we go on a journey of digital transformation. At Police Bank we want to empower you to make a real difference in your career, for our team and our members. If you are interested in a career with Police Bank, please visit our online careers page at: http://www.policebank.com.au/about/careers/",1964,167,"Surry Hills, New South Wales, Australia",,,Sydney,,,,,+61131728,banking,,,,"Transaction Accounts,Savings Accounts,Credit Cards,Personal Loans,Home Loans,Car Loans,Financial Planning,Insurance,Term Deposits,International Currency Services",51-200,https://facebook.com/PoliceBankAU,,,,,,,,
P&N Bank,https://www.linkedin.com/company/p&n-bank,https://www.linkedin.com/company/2993310,pnbank.com.au,"We’re P&N Bank and we’re proudly based in WA. We are part of P&N Group, which is amongst the largest customer-owned banking organisations in Australia and operates P&N Bank in Western Australia and BCU Bank in NSW and south-eastern Queensland. Driven by our long-held belief in the value of mutuality, we strive to achieve success on behalf of our customers, our communities and each other with passion, energy and commitment. At P&N Bank, we're for everyone and for every stage of life. We believe in a future where everyone has access to financial knowledge, no matter their background. A safe space, where there’s no such thing as a silly question. As a customer-owned organisation, all profits we make are reinvested back into the business for the benefit of those who bank with us. This allows us to bring you friendly, personalised service with banking products designed to put your interests first, as well as lower fees and competitive rates. We take pride in offering a genuine banking alternative to those who seek competitive and convenient retail banking services, award-winning digital and mobile banking, outstanding customer experiences and a community spirit that supports those in need. In fact, our very purpose is to enrich the lives of our customers and their communities.P&N Bank has 12 branches serving customers across Perth, Mandurah and Bunbury, alongside our vibrant Perth-based Contact Centre. And, we offer mobile lending and broker services to fulfil the needs of customers who prefer to access our loans through those channels.We stand for inclusivity and value innovation, agility and the ability to develop strong relationships. As we work hard for our customers, we offer a collaborative and engaging workplace where our people can learn, develop and thrive.To find out more, please contact us on 13 25 77, visit pnbank.com.au or drop into your local branch.",,363,"Perth, Western Australia, Australia",,,Perth,,,,,,banking,,,,"Banking,Personal Lending,Home Lending,Savings Accounts,Transactional Accounts,Credit Cards,Financial Planning,Insurance",201-500,,,,,,,,,
NAB,https://www.linkedin.com/company/nab,https://www.linkedin.com/company/2357,nab.com.au,We're here to be the most customer-centric company in Australian and New Zealand. We’re focused on what matters most and here to support you with your banking needs in any way we can. We’re open for business. Connect with us: www.nab.com.au/contact-us ,,36387,"Docklands, Victoria, Australia",,,Melbourne,,,,,,banking,,,,"Retail & Wholesale Banking,Financial Products and Services",10000+,,,,,,,,,
ME Bank,https://www.linkedin.com/company/mebank,https://www.linkedin.com/company/927944,mebank.com.au,"ME’s the Aussie bank Making Money Good since 1994. We were born at a time when buying your own home was unattainable for many, so we offered low-cost home loans that got more people home. And since then we’ve made good on over 300,000 Aussie dreams.Today we offer a full suite of banking services, but our philosophy remains the same. To take as much bad as we can out of the banking world, by making good products that even do good in the community.So if you’re ready to make money good, then talk to ME.",1994,707,"Carlton, Victoria, Australia",,,Melbourne,,,,,+61397084001,banking,,,,"Banking,Finance,Lending",501-1000,"https://www.twitter.com/MEbank, https://www.facebook.com/MEBankAU",,,,,,,,
CUA - Credit Union Australia Limited,https://www.linkedin.com/company/cua---credit-union-australia-limited,https://www.linkedin.com/company/784868,greatsouthernbank.com.au,"For over 75 years, we’ve been putting our customers first, and today we look after the financial and insurance needs of over 560,000 Australians. We just changed our name from CUA to Great Southern Bank but we’re still customer-owned and focused on helping Australians own their own homes via great rates and clever products. Please follow our new official LinkedIn page at https://www.linkedin.com/company/gsbankau. For more information, visit www.greatsouthernbank.com.au",1946,307,"Brisbane, Queensland, Australia",,,Brisbane,,,145 Ann Street,4000,,banking,,,,Financial Services and banking,201-500,,financial services & banking,,,,,,,
Newcastle Permanent,https://www.linkedin.com/company/newcastle-permanent,https://www.linkedin.com/company/64994,newcastlepermanent.com.au,"We are customer owned and put our customers first. No shareholders means no compromise. Just great rates, award winning service and real commitment to our customers.Supporting local and giving back is what we stand for. Through employee initiatives, community sponsorships and Charitable Foundation grants we invest in the local communities in which we live. We are proudly a part of NGM Group Australia, a financial powerhouse and one of Australia’s largest customer owned banks.",1903,761,"Newcastle West, New South Wales, Australia",,,Newcastle West,,,,,+61249076501,banking,,,,"Personal Banking,Business Solutions,Home Loans,Community,Financial Planning",501-1000,"https://twitter.com/newcastleperm, https://www.facebook.com/NewcastlePermanent",,,,,,,,
Great Southern Bank,https://www.linkedin.com/company/gsbankau,https://www.linkedin.com/company/73066045,greatsouthernbank.com.au,"For over 75 years, we’ve been putting our customers first, and today we provide banking to over 400,000 Australians. We have changed our name from CUA to Great Southern Bank but we remain customer owned and firmly focused on helping all Australians own their own homes.For more information, visit www.greatsouthernbank.com.au.Or be social with us on:Instagram: instagram.com/gsbankauFacebook: facebook.com/gsbankauTikTok: tiktok.com/@gsbankau",1946,882,"Brisbane City, Queensland, Australia",,,Brisbane City,,,"300 George St, level 27, Brisbane City, Queensland 4000, AU",4000,+610733650000,banking,,,,,501-1000,"https://twitter.com/cua_connect, https://www.facebook.com/gsbankau",,697060000,"iTunes, Vimeo, Rubicon Project, Quantcast, Omniture (Adobe), Mobile Friendly, Mimecast, Microsoft Office 365, Melbourne IT, JQuery 2.1.1, JQuery 1.11.1, Google Tag Manager, Google Play, Google Maps, Google Font API, Google Analytics Ecommerce Tracking, Facebook Widget, Facebook Login (Connect), DoubleClick, CrazyEgg, Cornerstone On Demand, Confirmit, Citrix NetScaler, CSC Corporate Domains, Bing Ads, Atlassian Cloud, Adobe Media Optimizer, Adobe Marketing Cloud, AddThis, Active Campaign",,,,,
Bendigo Bank,https://www.linkedin.com/company/bendigo-bank,https://www.linkedin.com/company/10851946,bendigobank.com.au,"As Australia’s most trusted bank, 2.5 million (and counting) Aussies know that Bendigo Bank is… bigger for them.Join the bank that's bigger for you. ",,1216,"Kennington, Victoria, Australia",,,Bendigo,,,,,,banking,,,,,1001-2000,,,,,,,,,
Greater Bank,https://www.linkedin.com/company/greater-bank,https://www.linkedin.com/company/1111921,greater.com.au,"Greater Bank is no ordinary bank — we’re owned by our customers and we put them at the heart of everything we do. With no shareholders we focus on providing better value products and services as well as investing in the growth and development of communities we call home. Greater Bank has a heritage of serving communities in NSW and South East QLD, with our head office in the Hunter region. We are proudly a part of NGM Group Australia, a regional financial powerhouse and one of Australia’s largest customer owned banks. When you join us, you’ll certainly be in good company.",1945,505,"Hamilton, New South Wales, Australia",,,Hamilton,,,,,+61249219909,banking,,,,"banking,home loans,personal loans,everyday banking,savings accounts,credit cards,mobile banking,online banking,insurance,travel services",501-1000,"https://twitter.com/GreaterBSociety, https://facebook.com/GreaterBuildingSociety",,,,,,,,
Rabobank Australia,https://www.linkedin.com/company/rabobankaustralia,https://www.linkedin.com/company/16196998,rabobank.com.au,"Rabobank Australia is a part of the international Rabobank Group, the world’s leading specialist in food and agribusiness banking. We have more than 125 years’ experience providing customised banking and finance solutions to businesses involved in all aspects of food and agribusiness. We are structured as a cooperative and operate across 36 countries, servicing the needs of approximately 10 million clients worldwide through a network of more than 1000 offices and 61 branches across Australia.Our purpose is to support our clients to feed the world sustainably. True to our cooperative roots, our focus lies with our employees and our clients, not shareholders, so we always put people first. We value inclusion, belonging, and positive experiences for all. Our work environment, our benefits and our ‘cooperative DNA’ makes Rabobank a unique place to work. We embrace diversity and welcome people from all backgrounds. We consistently return industry-leading employee engagement scores and client net promoter scores (NPS), reflecting our exceptional culture and commitment to our values “Client Driven”, “Responsible”, “Professional” and “Cooperative”.To learn more about the Rabobank difference visit: https://www.rabobank.com.au/",1994,730,"Millers Point, New South Wales, Australia",,,Sydney,,,,,,banking,,,,,501-1000,,,,,,,,,
ANZ,https://www.linkedin.com/company/anz,https://www.linkedin.com/company/2437,anz.com,"ANZ has a proud heritage of more than 180 years.Our purpose is to shape a world where people and communities thrive. That is why we strive to create a balanced, sustainable economy in which everyone can take part and build a better life.We employ more than 50,000 people and have our global headquarters in Melbourne. ANZ is among the top 4 banks in Australia, the largest banking group in New Zealand and Pacific, and among the top 50 banks in the world.Follow us elsewhere for our latest news:facebook.com/ShayneElliottANZfacebook.com/ANZAustraliafacebook.com/ANZNewZealandtwitter.com/ANZ_AUtwitter.com/ANZ_NZ twitter.com/ANZ_Mediatwitter.com/ANZ_BlueNotestwitter.com/ANZ_Researchinstagram.com/anz_au bluenotes.anz.com",,50800,"Docklands, Victoria, Australia",,,Melbourne,,,,,,banking,,,,"Retail Banking,Private Banking,Commercial Banking,Wealth Management,Institutional Banking",10000+,,,,,,,,,info@anz.com
Up,https://www.linkedin.com/company/upbanking,https://www.linkedin.com/company/18262736,up.com.au,"A digital bank built by free-thinkers, not bankers, designed to give, not take. Making money easy for Aussies since 2018.",,402,"Melbourne, Victoria, Australia",,,Melbourne,,,,,,banking,,,,,201-500,,,,,,,,,
Westpac Institutional Bank,https://www.linkedin.com/company/westpac-institutional-bank,https://www.linkedin.com/company/2731362,westpac.com.au,"Westpac Institutional Bank (WIB) is partnering with corporates, institutions and governments to back nation-building development, supporting clients with their transition to net zero emissions and helping them drive innovation and efficiency.",1817,1735,"Millers Point, New South Wales, Australia",,,Sydney,,,"275 Kent St, Sydney, New South Wales 2000, AU",2000,,banking,,,,,1001-2000,,,,,,,,,
Teachers Mutual Bank Limited,https://www.linkedin.com/company/tmbl,https://www.linkedin.com/company/285023,tmbl.com.au,"Teachers Mutual Bank Limited is one of the largest customer owned banks in Australia. We are passionate about helping our members secure their financial futures through exceptional member support and superior banking products.We’re proudly Australian with more than 230,000 members and over $10 billion in assets. We have five divisions: Firefighters Mutual Bank, Health Professionals Bank, Teachers Mutual Bank, UniBank and our digital bank, Hiver Bank. No matter how much we grow, we will continue to stay true to our roots.For more information about Teachers Mutual Bank visit: www.tmbank.com.auFor more information about Firefighters Mutual Bank visit: www.fmbank.com.auFor more information about Health Professionals Bank visit: www.hpbank.com.auFor more information about UniBank visit: www.unibank.com.auFor more information about Hiver visit: www.hiver.bank",1966,594,"Homebush, New South Wales, Australia",,,Homebush,,,,,+61297359111,banking,,,,"Transaction accounts,Savings accounts,Home loans,Personal loans,Car loans,Credit cards,Mobile lending,Car insurance,Home insurance,Life insurance,Teachers Car Buying service.,Banking,Finance",501-1000,,"finance, life insurance, car insurance, banking, financial planning, travel services, credit cards, car loans, home loans, home insurance, personal loans, savings accounts, mobile lending, transaction accounts, teachers car buying service",75000000,"The Trade Desk, YouTube, SiteCore, Mobile Friendly, Microsoft Office 365, Google Tag Manager, Cloudflare DNS, CloudFlare Hosting, CloudFlare, Atlassian Cloud, ASP.NET",,,,,
Finance & Banking Society,https://www.linkedin.com/company/finance-&-banking-society_2,https://www.linkedin.com/company/687560,anu-finsoc.org,"The Finance & Banking Society provides a unique level of industry access to those studying or simply interested in finance. We do so through organization of a variety of presentations, workshops and other networking events, designed to cater equally to both undergraduate and postgraduate students, local and international.",,194,"Belconnen, Australian Capital Territory, Australia",,,Canberra,,,,,,banking,,,,,51-200,,,,,,,,,
BCU Bank,https://www.linkedin.com/company/bcu,https://www.linkedin.com/company/1738088,bcu.com.au,"We’re BCU. We’re proud to be part of the one of the largest customer-owned banking Groups in Australia, as a division of Police & Nurses Limited. As a customer-owned bank, all profits we make are reinvested back into the business for the benefit of those who bank with us, our customers.We provide a genuine banking alternative with a range of competitive and convenient retail and business banking services, convenient digital and mobile banking and outstanding customer experiences.  BCU customers interact with our dedicated teams through our 22 branches between Port Macquarie in NSW to Maroochydore in Queensland, our Coffs Harbour Contact Centre and our convenient, modern digital banking channels. We have a team of dedicated mobile retail and business banking lenders who are active in the communities across our network. We empower our people and value innovation, agility and the ability to develop strong relationships. Our workplace is collaborative and engaging, where our people can learn, develop and thrive.To find out more, please contact us on 1300 228 228, visit bcu.com.au or drop into your local branch.",,181,"Coffs Harbour, New South Wales, Australia",,,Coffs Harbour,,,,,,banking,,,,"Business Banking,Business Loans,Personal Loans,Credit Cards,Home Loans,Investments",51-200,,,,,,,,,
Community First Bank,https://www.linkedin.com/company/communityfirstau,https://www.linkedin.com/company/879210,communityfirst.com.au,"Community First is a customer owned bank that has been in operation since 1959. We're here to help members achieve their financial goals by building relationships for mutual benefit. We're more connected. More committed. More walk than talk. And that's why our members love us.We operate two brands, ""Community First Bank""​ that caters to the traditional needs of banking consumers with high service standards and who want a physical presence to visit and ""Easy Street Financial Services""​ which is pitched at time poor, internet savvy banking customers who are satisfied with self-help options if that provides an advantage on interest rates.As a mutual (member-owned), we provide financial services with higher standards of service, fairer fees and competitive interest rates. Every dollar of profit is re-invested back into the organization for the benefit of members. We are open to all Australian residents as a real banking alternative to the major Banks.",1959,113,"Auburn, New South Wales, Australia",,,Auburn,,,,,+611300132277,banking,,,,"Deposits,Loans,Insurance,Financial Planning,The customer experience,Personal Loans,Green Loans,Home Loans,Credit Cards",51-200,"https://twitter.com/communityfirsta, https://www.facebook.com/communityfirstbankau",,,,,,,,
Unity Bank Limited,https://www.linkedin.com/company/unity-bank-limited,https://www.linkedin.com/company/17975925,unitybank.com.au,"Unity Bank is a Member Owned bank that offers genuine and exceptional financial service to its Members and meaningful support to local communities and businesses. As a Member-Owned bank, we have no external shareholders and all surplus earned goes back to our Members in the form of better interest rates, products and services.We began in 1970 when a group of maritime workers had the vision to form a credit union to benefit all waterside workers, families and communities. Since then, the credit union expanded to include members in the mining and power industries.                                                        On 1 March 2017, Members overwhelmingly supported to change the name Maritime, Mining & Power Credit Union to Unity Bank. The division organisations also changed their names. Reliance Credit Union became Reliance Bank and Collie Miners Credit Union became Unity Bank. On 2 June 2017, Bankstown City Credit Union became a Unity Bank division and changed its name to Bankstown City Unity Bank.Even though our name change, the heart of what makes us different haven't changed, we always put our Members first.Our difference is clear. We listen and understand our Members individualneeds while providing a personal approach to banking.Become a Member today and experience the differencefor yourself!For more information, visit our website www.unitybank.com.au or call us on 1300 36 2000.",1970,59,"Millers Point, New South Wales, Australia",,,Sydney,,,"7 217 clarence street, sydney, nova scotia, ca",2000,+61282633200,banking,,,,"Saving Accounts,Home Loans,Personal Loans,Car Loans,Term Deposits,Credit Card,Financial Planning,International Currency Services,Business Banking,Commercial Loans,SMSF Loans,Business Loans,General Insurance",51-200,"http://www.twitter.com/UnityBankAU, http://www.facebook.com/UnityBankAU","financial planning, car loans, business loans, home loans, commercial loans, business banking, personal loans, credit card, saving accounts, general insurance, term deposits, smsf loans, international currency services",,,,,,,
Bank of China (Australia),https://www.linkedin.com/company/bank-of-china-australia,https://www.linkedin.com/company/18753426,,Bank of China Limited Sydney Branch,1942,222,"Sydney, New South Wales, Australia",,,Sydney,,,,,,banking,,,,,201-500,,"finance, financial services, banking, trade finance, structured finance, transaction banking, home loans, atm, internet banking, corporate financing, personal banking, syndicated loans, bank cards, rmb clearing, rmb trade finance, aud clearing, credit admin",,,,,,,
NGM Group,https://www.linkedin.com/company/ngm-group-australia,https://www.linkedin.com/company/90556746,ngmgroup.com.au,"A financial powerhouse based in the Hunter region, we have a workforce of more than 1,600 people and total assets of more than $20 billion.We are proudly customer-owned with no shareholders to consider, delivering award winning banking to more than half a million Australians. Formed in 2023 following a member-endorsed merger between two of Australia’s leading customer-owned banks, Greater Bank and Newcastle Permanent, to create NGM Group, one of Australia’s largest customer-owned banks. ",,554,"Bar Beach, New South Wales, Australia",,,Newcastle,,,,,,banking,,,,,501-1000,,,,,,,,,
Gateway Bank,https://www.linkedin.com/company/gateway-bank-ltd,https://www.linkedin.com/company/518663,gatewaybank.com.au,"From a briefcase to a trusted customer-owned bank, Gateway has come a long way in over 60 years. We now have a Membership in excess of 30,000 and assets of more than $1 billion under management. We offer a range of competitively priced products and services designed to help secure the financial future and well-being of our Members.Gateway’s success stems from our commitment to put our customers first. We’ve noticed that in an impersonal world, our Members prefer a friendlier more human financial institution that really listens. Join Gateway and experience the difference of banking with a customer-owned bank. JOIN THE CONVERSATION:Gateway is committed to the financial literacy of all Australians, that is why we provide free resources to help you get ahead:  Gateway Blog: www.gatewaybank.com.au/gateway-blog HomeHub: www.gatewaybank.com.au/HomeHub Website: www.gatewaybank.com.au ",1955,86,"Millers Point, New South Wales, Australia",,,Sydney,,,,,+61293074200,banking,,,,"Home Loans,Personal Loans,Savings,Term Deposits,Car Loans,Insurance,Personal Banking,Online Banking,Phone Banking,Funeral Funding",51-200,https://twitter.com/gatewaybankau,,,,,,,,
Heartland Bank Australia,https://www.linkedin.com/company/heartland-bank-australia,https://www.linkedin.com/company/5798677,heartlandbank.com.au,"At Heartland Bank, we focus on providing Australians with specialist banking products that are the best or only of their kind. We do this digitally so you can spend more time on the things that matter most – instead of waiting in a queue to speak with someone at a bank.We’re well-established in Australia. We’ve been serving Australians since 1971 and are proud to offer competitive term deposit rates to help you get more from your money. Through Heartland Finance, we’re the leading provider of reverse mortgages, and through StockCo, we’re a leading provider of specialist livestock finance.We’re part of the Heartland group of companies which has more than 145 years of experience in financial services. Heartland is listed on the New Zealand and Australian stock exchanges (NZX/ASX: HGH). ",,53,"Carlton, Victoria, Australia",,,Melbourne,,,,,,banking,,,,,51-200,,,,,,,,,
Defence Bank,https://www.linkedin.com/company/defencebank,https://www.linkedin.com/company/792660,defencebank.com.au,"Defence Bank is a member-owned financial institution that was established in 1975 to provide banking services to the Australian Defence Force (ADF).  We are the relationship bank of the ADF and are dedicated to supporting the unique financial needs of serving and retired ADF personnel, Defence contractors, and their families. Defence Bank profits are reinvested back into the bank to benefit its members. The bank offers a range of products and services to its members, including home loans, personal loans, credit cards, savings accounts, and insurance. Our award-winning app makes it easy for members to manage their finances from anywhere and have access to a range of convenient banking services, such as mobile banking, phone banking, and ATMs located at various Defence bases across Australia. Defence Bank is guided by a strong purpose to serve those who protect us. The bank has 26 branches across Australia and employs 230 people. In 2023 and 2024 the bank was named as an Excellence Awardee for Reward and Recognition and Employer of Choice in the Australian HR Awards. Defence Bank celebrates and champions the individual talents, personalities and interests of our people and supports the communities in which we work.  Defence Bank is a bank ‘for a life like no other’ and our people are committed to delivering exceptional banking service to our members.  If you are interested in a career with Defence Bank, please visit our careers page at https://www.defencebank.com.au/careers",1975,211,"Melbourne, Victoria, Australia","Carlton, Victoria, Australia",,Melbourne,,,"20 greensborough rd, karrakatta, au-wa, australia",3085,+61386245888,banking,,,,"Home Loans, Personal and Car Loans,Credit and Debit Cards,Deposit and Investment Accounts,Retirement Saving Account and Superannuation,Motor Vehicle, Home and Contents and Travel Insurance,Financial Planning",201-500,"https://twitter.com/DefenceBank, https://www.facebook.com/DefenceBank","financial planning, home loans, motor vehicle, credit & debit cards, personal & car loans, deposit & investment accounts, retirement saving account & superannuation, home & contents & travel insurance",,,,,,,info@defencebank.com.au
QBANK,https://www.linkedin.com/company/qbank,https://www.linkedin.com/company/3005069,qbank.com.au,"QBANK are a Member-owned bank dedicated to police, emergency services, government employees and their families.",1964,73,"Brisbane City, Queensland, Australia",,,Brisbane,,,"231 north quay, brisbane city, queensland, australia",4000,+61730084444,banking,,,,"Home Loans,Personal Loans,Credit Cards,Secured Overdrafts,Insurance,Financial Planning,Car Buying,Savings",51-200,https://www.facebook.com/qbankau,"insurance, savings, financial planning, credit cards, home loans, personal loans, car buying, secured overdrafts",,,,,,,
Auswide Bank Ltd,https://www.linkedin.com/company/auswide-bank-ltd,https://www.linkedin.com/company/3196636,auswidebank.com.au,"Auswide Bank is helping Australians achieve home ownership, create wealth, access banking & financial services that make their life easier and help them to protect their assets and loved ones from financial loss or hardship.  We’ve been around for over 50 years and provide an extensive range of personal and business banking products and services issued directly or in partnership with leading service providers via branches, strategic relationships and online & digital channels.  Auswide Bank has an Australian Credit Licence and an Australian Financial Services Licence issued by ASIC and is an Authorised Deposit-taking Institution prudentially supervised by the Australian Prudential Regulation Authority.Even though we are a smaller bank, we believe that small things that make us different and can make a big difference for our customers and communities.",1966,183,"Walkervale, Queensland, Australia",,,Bundaberg,,,"16-20 barolin street, bundaberg central, queensland, australia",4670,+61741504000,banking,,,,"Home Loans,Car & Personal Loans,Personal & Business Banking,Insurance,Term Deposits",51-200,,"insurance, personal, car, home loans, business banking, personal loans, term deposits",,,,,,,
Summerland Bank,https://www.linkedin.com/company/summerlandbank,https://www.linkedin.com/company/1261043,summerland.com.au,"At Summerland Bank, we're redefining what it means to be a bank. As a customer-owned financial institution, our mission is clear: to serve our members and the communities we call home. We're not like the major banks – we're proud to be owned by our customers, not external shareholders. This distinction allows us to channel our profits back to you in the form of better interest rates, lower fees, outstanding customer service, and significant investments into our region. As a customer-owned bank, we're dedicated to redefining banking, strengthening our communities, and challenging the traditional concept of a bank to offer you a bolder, more innovative banking alternative. Protecting what matters most is ingrained in our DNA. Our commitment as a B Corporation extends to the very essence of our region, its waterways, its wildlife, and everything in between. We actively work to minimize our environmental footprint and support projects that safeguard and enhance our natural heritage, ensuring this unique part of the world thrives for generations to come. Summerland Bank isn't just a financial institution, we're an integral part of the community. With in-branch banking services throughout the region, a dedicated team of over 100 staff, and unwavering support for local businesses, charities, clubs, and community associations, we are deeply committed to the well-being of the communities we serve.In this digital age, we haven't forgotten the value of good old-fashioned customer service. We maintain branches where you can speak directly to real people, and we've never outsourced our call centers overseas. When you reach out to us, you'll connect with someone local who shares your love for this community.Thank you for joining us on our journey to redefine banking and make a positive impact. Together, we're building something exceptional.",1964,81,"South Lismore, New South Wales, Australia",,,Northern Rivers,,,"northern rivers, nsw 2480, au",2127,+611300802222,banking,,,,"Home Loans,Business Banking,Car Loans,Personal Loans,Personal Banking,Insurance,Financial Planning,Credit Cards,Community,Sustainability,Travel funds",51-200,"https://twitter.com/summerlandcu, https://facebook.com/SummerlandCU","insurance, sustainability, community, financial planning, credit cards, car loans, home loans, business banking, personal loans, personal banking, travel funds",,,,,,,
Abington Bank,https://www.linkedin.com/company/abingtonbank,https://www.linkedin.com/company/1152073,northshore-bank.com,"North Shore Bank and Abington Bank have merged, creating a premier community bank with 25 locations throughout eastern Massachusetts and southern New Hampshire. Abington Bank is now a division of North Shore Bank. We are passionate about fulfilling the promise of local, community banking – to guiding customers through the most important financial decisions they face with confidence and assurance, to helping them achieve their goals, and to giving back generously to the many neighborhoods we serve through our sponsorship and charitable giving program, The Giving Tree. Together, our family of banks takes advantage of the size, scale, and efficiencies of shared centralized resources to fulfill our community banking mission – providing individualized financial support, a suite of comprehensive products and services, smart banking technology, and increased lending capacity – all to ensure our customers can build a successful future. Member FDIC  |  Member DIF  |  Equal Housing Lender",1916,87,"Abington, Massachusetts, United States",,,Abington,,,"6 harrison ave, abington, massachusetts, united states, 02351-1877",2351,+1 877-380-2265,banking,,,,"SBA,Investment Property Rehab,Construction,Multi-Family,Residential Lending",51-200,https://www.facebook.com/Abington-Bank-111632097041084/,"construction, multifamily, residential lending, sba, investment property rehab",0,"WordPress.org, Typekit, SurveyGizmo, Shutterstock, Outlook, Mobile Friendly, Microsoft Office 365, Media Temple SSL, Mailchimp Mandrill, Google Tag Manager, Google Play, Atlassian Cloud",,,,,
Arab Bank Australia,https://www.linkedin.com/company/arab-bank-australia,https://www.linkedin.com/company/18268975,arabbank.com.au,"Arab Bank Australia Limited (ABAL) has been operating in Australia since 1986. The Bank has developed a suite of banking and financial services and products that are regularly recognised amongst the best in the country. With six branches across Sydney and Melbourne and a team of highly skilled and experienced individuals, the Bank has developed expertise in a number of industries and product categories, particularly in the areas of property, everyday banking and international trade in the Middle East/Northern Africa region.ABAL is a wholly owned subsidiary of Arab Bank plc, the first private sector financial institution in the Arab world, with over 80 years of experience.  Arab Bank has the largest Arab Banking branch network in the world with over 500 branches across 30 countries, spanning 5 continents. Arab Bank has operations in all the key worldwide financial centres including London, New York, Dubai, Zurich, Singapore, Geneva, Paris, Frankfurt, China, South Korea, Sydney and Hong Kong.The Bank's commitment to its customers in delivering superior service and award winning products, has been demonstrated through the numerous award wins they have achieved for their Transactional, Investment and Business accounts.ABAL’s community involvement is based on the core philosophy of “supporting the communities we serve”.  The Bank is committed to supporting the communities it serves by building partnerships with community groups and charitable organisations in areas of medical research, health and wellbeing, sports, the arts, education and a number of other local community initiatives.To learn more, visit arabbank.com.au.",1986,68,"Millers Point, New South Wales, Australia",,,Sydney,,,"level 7, 20 bridge street, sydney, new south wales 2000, au",2000,+61293778900,banking,,,,"Everyday Banking,Personal Banking,Business Banking,Home Loans,Property,Insurance,Foreign Exchange,Trade Finance,Asset Finance",51-200,,"insurance, property, trade finance, foreign exchange, home loans, asset finance, business banking, personal banking, everyday banking",,,,,,,
Australian Military Bank Ltd,https://www.linkedin.com/company/australian-military-bank,https://www.linkedin.com/company/6823798,australianmilitarybank.com.au,"As Australia’s longest serving Defence financial institution we’ve been helping Australian Defence personnel and their families make the most of their money since 1959. We've spent 65 years serving those who protect our country, and understand the unique aspects of life in the ADF. That’s why we focus on providing our members with better quality services, lower fees and competitive interest rates. As a mutual organisation, Australian Military Bank is run for the benefit of our members who are also our shareholders. This means that, as a member of Australian Military Bank, we’ll always put you first. + Over 150 employees,+ 18 branches at major Defence bases in AustraliaFind out more at australianmilitarybank.com.au or call 1300 13 23 28.",1959,142,"Millers Point, New South Wales, Australia",,,Sydney,,,"45-53 clarence st, sydney, new south wales, australia",2000,+61292404111,banking,,,,"Loans,Savings,Insurance,DHOAS,Personal Loans,Credit Cards,Defence Community",51-200,https://www.facebook.com/AustralianMilitaryBank,"insurance, savings, loans, credit cards, personal loans, dhoas, defence community",7899000,"reCAPTCHA, Sendgrid, React Redux, Outlook, Open AdStream (Appnexus), Mobile Friendly, Microsoft Office 365, Microsoft Azure, Jira, Google Tag Manager, Drupal, Citrix NetScaler, BugHerd, Bootstrap Framework, Atlassian Confluence",,,,,
G&C Mutual Bank,https://www.linkedin.com/company/g&c-mutual-bank,https://www.linkedin.com/company/6624103,gcmutual.bank,"Since 1959, G&C Mutual Bank has been committed to servicing the needs of government employees and the regional communities within which it operates.G&C Mutual Bank is a bank with a difference. We are owned by our customers (members) and everything we do is for the benefit of our customers, our owners. Every one of our customers is an owner with a voice and a say in our future. We make responsible, ethical decisions and then reinvest our profits to provide better products and services for our customers.We offer a full suite of financial solutions and provide trusted, personalised service making us a more rewarding community bank for everybody.Connect with us:facebook.com/gcmutualbanktwitter.com/gcmutualbank",,64,"Millers Point, New South Wales, Australia",,,Sydney,,,,,,banking,,,,"Financial Services,Banking",51-200,,,,,,,,,
Suncorp Bank,https://www.linkedin.com/company/suncorp-bank,https://www.linkedin.com/company/60672327,suncorpbank.com.au,"Suncorp Bank has a long and proud history serving Australian customers. We believe in doing well and doing good. It’s why our purpose is to create a brighter future. A brighter future for our customers, our people, our communities, and our world.  A brighter future starts with how we do business. Designing personal and business banking services to help customers take positive action and meet their financial goals.  Whether it’s a phone call, a branch visit or banking through the Suncorp Bank App, we strive to empower our customers, regardless of where they are on their financial journey, to make smart choices with their money.  That’s banking you can feel good about. ___The SUNCORP brand and Sun Logo are used by Suncorp Bank (Norfina Limited) under licence and Suncorp Bank is not part of the Suncorp Group.",2001,869,"Chatswood, New South Wales, Australia",,,Brisbane,,,,,+61733621712,banking,,,,,501-1000,"https://twitter.com/suncorpbank, https://facebook.com/suncorpbank",,,,,,,,
IMB Bank,https://www.linkedin.com/company/imb-ltd,https://www.linkedin.com/company/741893,imb.com.au,"Established in 1880, IMB Bank is one of the most enduring financial institutions in the country, helping people achieve their financial goals for 140 years. We do this by offering competitive products, practical solutions and, thanks to a dual focus on person to person relationships and digital innovation, superior customer service. In 2020, IMB was recognised as one of the world's best banks by Forbes, based on a global survey of 40,000 banking customers, and in July 2022 was found by Canstar to have Australia's Most Satisfied Customers for Customer Owned Banks and all Banks in Australia.Our members have access to a fully featured range of banking services: home and personal lending, savings and transaction accounts, term deposits and business banking. Our members enjoy the benefits and convenience of IMB’s continued innovation leadership in the banking sector, including convenient digital banking options: Internet Banking, the IMB Mobile App, Osko® real-time payments and a range of mobile wallets. Continuing to refine and build our capability ensures IMB remains one of the country’s leading edge banks. IMB is a mutual bank, regulated by the Australian Prudential Regulation Authority (APRA) and is a member of the Customer Owned Banking Association (COBA), an independent organisation representing mutual banks, building societies and credit unions. We have over 210,000 members and assets over $7.2 billion. IMB has a growing retail branch network throughout NSW: the Illawarra, Sydney, NSW South Coast, the ACT, Melbourne and, thanks to a successful merger with Hunter United Employees’ Credit Union in 2020, Newcastle and the Hunter Region. IMB also supports the communities in which we operate. The IMB Bank Community Foundation was established in 1999 and has provided more than $11.5 million to support over 850 projects.",1880,460,"Coniston, New South Wales, Australia",,,Wollongong,,,"253-259 crown street, wollongong, new south wales, australia",2500,+61242279111,banking,,,,,201-500,"https://twitter.com/IMB_Bank, https://www.facebook.com/imbbank/",,27758000,"Visual Website Optimizer, Tealium, ShareThis, Salesforce, Route 53, React, Outlook, Nginx, Mobile Friendly, Microsoft Office 365, Microsoft Azure Hosting, Google Tag Manager, Google Maps, Google Analytics, Facebook Widget, Facebook Login (Connect), Create React App, Apache, Amazon SES",,,,,
China Construction Bank Corporation Sydney Branch,https://www.linkedin.com/company/china-construction-bank-corporation-sydney-branch,https://www.linkedin.com/company/17965244,ccb.com,"CCB Sydney Representative Office was set up in November 2007.In August 2010, APRA approved CCB as a foreign authorised deposit taking institution, authorising it to carry on banking business in Australia.CCB Sydney Branch can conduct wholesale banking business in Australia, including corporate lending and deposit, international settlement, trade finance, AUD clearing etc.",,85,"Millers Point, New South Wales, Australia",,,Sydney,,,"level 31, 88 phillip steet, sydney, nsw 2000, au",2000,,banking,,,,,51-200,,,,,,,,,